{"cameraMode":{"drawMode":0,"name":"Shaded","section":"Shading Mode"},"sceneLighting":false,"audioPlay":false,"sceneViewState":{"showFog":false,"showMaterialUpdate":false,"showSkybox":false,"showFlares":false,"showImageEffects":false,"showParticleSystems":true},"in2DMode":false,"pivot":{"x":-0.6764121055603027,"y":1.8888990879058838,"z":1.617501139640808},"rotation":{"x":-0.002774959895759821,"y":0.9951115250587463,"z":0.029254578053951265,"w":0.09428469836711884},"size":1.5221831798553467,"orthographic":false}