{"cameraMode":{"drawMode":0,"name":"Shaded","section":"Shading Mode"},"sceneLighting":true,"audioPlay":false,"sceneViewState":{"showFog":true,"showMaterialUpdate":true,"showSkybox":true,"showFlares":true,"showImageEffects":true,"showParticleSystems":true},"in2DMode":false,"pivot":{"x":22.81523323059082,"y":8.256030082702637,"z":5.163069248199463},"rotation":{"x":-0.06724389642477036,"y":0.6553590893745422,"z":-0.058754149824380878,"w":-0.750020444393158},"size":7.510978698730469,"orthographic":false}